餐厅名称,餐厅种类,所在地区,餐厅地址,点评数量,人均价格,评分
点都德(大中华店),粤菜,岗厦,福田街道深南大道和彩田路交汇处大中华IFC四楼,1028,￥98,五星商户
合気屋·居酒屋,日本料理,南山中心区,南山大道2009号亿利达村3栋112,501,￥129,五星商户
妞妞国际西点蛋糕培训学校(布吉总校),职业技术,布吉,布吉京南路锦龙大厦10楼1003铺,34,￥6313,五星商户
极炙·台湾精致炭火烧肉(京基100大厦店),烧烤,KKMAll 京基100大厦,红宝路蔡屋围5街48号涵舍3楼,2149,￥238,五星商户
大阪烧肉BAKA一代(国贸店),日本料理,国贸,南湖路3009号国贸商厦2A2H,3630,￥258,五星商户
炉火时代韩式炭火烤肉,烧烤,西乡,西乡大道永丰社区八区56号,159,￥79,五星商户
东记美食馆(kk mall店),粤菜,KKMAll 京基100大厦,蔡屋围五街46号,353,￥94,五星商户
神龙小龙虾(南山店),小龙虾,南山中心区,南山大道南航公司斜对面南苑宾馆往里走15米,170,￥90,准五星商户
利宝阁(嘉里店),粤菜,市中心区,中心四路嘉里建设广场三座2楼,14600,￥163,准五星商户
有间桐坑牛肉粿,粤菜,宝安南路沿线,嘉宾路蔡屋围新七坊53-1号,158,￥24,五星商户
潮香四海(正宗潮汕风味南山店),粤菜,南油,南山大道1110号南海大厦首层105、106号,343,￥84,准五星商户
江味龙虾馆(南山店),小龙虾,南头,桂庙路40号,3156,￥132,准五星商户
潜江油焖小龙虾(华南城分店),小龙虾,平湖,华南城兰桂坊酒吧美食街D1（汕头福合埕牛肉火锅隔壁）,45,￥10,三星商户
点都德(A8店),粤菜,南山区,科园路1002号A8音乐大厦4F,378,￥86,准五星商户
岚LAN·SUSHI&COCKTAIL,日本料理,石厦,石厦北二街新天世纪商务中心A座4102室,176,￥248,准五星商户
Lodestone吸铁石 日式烧肉,日本料理,蛇口,工业三路1号汇港购物广场二楼219号商铺,925,￥226,五星商户
极炙·台湾精致炭火烧肉(车公庙店),日本料理,车公庙,泰然九路21-2号,641,￥226,五星商户
龙巢盱眙龙虾(香蜜湖店),小龙虾,香蜜湖,香蜜湖美食城A10号,2909,￥147,四星商户
小草日式料理·听说很好吃日料,日本料理,宝安南路沿线,红宝路57-1号,601,￥105,五星商户
潮香四海(正宗潮汕风味下沙总店),粤菜,上沙/下沙,下沙三坊49号,1764,￥77,准五星商户
渡来割烹,日本料理,南山中心区,文心六路33号保利文化广场A区4楼,153,￥621,五星商户
蘩楼(宝安南路店),粤菜,宝安南路沿线,宝安南路2078号深港豪苑名商阁2樓,4543,￥79,准五星商户
台湾茶餐厅,台湾菜,新安,甲岸村15栋,348,￥39,五星商户
San Marco圣马可意大利西餐厅(中洲店),西餐,海岸城,海德二道98-100号中洲国际B座2A,541,￥147,五星商户
旬野菜新派日式火锅(卓悦intown店),日本料理,市中心区,福华三路卓悦intown商场3楼L328,780,￥165,准五星商户
植藤·匠日本料理,日本料理,南山中心区,海德一道88号中洲控股中心A座44F,717,￥1113,五星商户
妞妞国际西点蛋糕培训学校(龙华分校),职业技术,清湖地铁站,圣博雅商务中心2楼,30,￥8694,五星商户
蒸的好海鲜馆,海鲜,蛇口,南海大道蛇口网谷万融大厦C座G层101,982,￥193,准五星商户
青筠焱烧肉·酒巷(福田店),日本料理,上沙/下沙,福荣路万科金域蓝湾114-115铺,603,￥266,五星商户
顶真牛肉潮式火锅(湾厦店),火锅,蛇口,蛇口街道后海大道1027号东南工贸大厦一楼,1354,￥99,五星商户
虾胡闹,小龙虾,蛇口,蛇口街道中心路卓越维港北区4-7-102商铺,294,￥150,五星商户
食冶日本料理铁板烧(南山海岸城店),自助餐,海岸城,海德二道海岸大廈西座3楼,1189,￥337,四星商户
2046湘味厨房(蛇口1店),湘菜,蛇口,工业三路百盈医疗器械园B109号铺,1256,￥161,准五星商户
汕头八合里海记牛肉店(海岸城店),火锅,海岸城,粤海街道海德三道19号海岸大厦西座301A-302A,2213,￥92,准五星商户
KiMi轻米创意菜•音乐吧,创意菜,华强北,燕南路8号2楼,263,￥92,五星商户
麻小丨麻辣诱惑(KKMALL店),小龙虾,KKMAll 京基100大厦,深南东路京基百纳空间KKMALL4层,184,￥145,五星商户
粤A精酿啤酒,酒吧,南油,四海路紫竹园东门底商2层217-218号,24,￥41,五星商户
饭聚(水围店),粤菜,皇岗,福田街道水围村39号,588,￥96,准五星商户
点都德(龙华店),粤菜,民治,/宝安区/民治大道567号UONE优城北区二层,670,￥89,准五星商户
四叶寿司(华侨城店),日本料理,华侨城,深南大道9001号锦绣中华大门东侧50米,954,￥1335,五星商户
点都德(kk one店),粤菜,上沙/下沙,滨河大道滨河时代KKONE购物中心负一楼,756,￥88,准五星商户
幸福西饼蛋糕(科苑店),面包甜点,科技园,粤海街道科苑路园西工业区25栋三段405,38,￥112,四星商户
火桶1971,韩国料理,香蜜湖,农林路5号鑫竹苑B栋生活广场二楼,1141,￥94,准五星商户
九格子重庆火锅店,火锅,国贸,东门南路1019号向西文锦渡商业大厦1层,187,￥106,五星商户
点都德(皇岗村店),粤菜,皇岗,/福田区/皇岗村下围二村66号2-3楼,895,￥87,准五星商户
我爱寿司·有炙气(壹店),日本料理,新安,甲岸村16栋,921,￥81,准五星商户
彩虹湾海鲜餐吧,海鲜,南澳,较场尾海滨路10-1号,75,￥247,三星商户
清水煮一切(海岸城店),火锅,南山中心区,海德一道观海台底商B-03,107,￥30,准五星商户
汕头八合里海记牛肉店(南园路店),火锅,华强南,南园街道爱华路南沙浦头大厦首层48号,4401,￥89,准五星商户
点都德(华强南店),粤菜,华强南,华强南路2002号南华花园2F,3520,￥91,准五星商户
虎喰烧肉.酒场(购物公园店),日本料理,市中心区,购物公园北园B区一区,901,￥335,准五星商户
潮汕大目牛肉火锅(海岸城店),火锅,海岸城,文心五路33号海岸城东座2楼245号,359,￥87,四星商户
民笑韩国料理,韩国料理,香蜜湖,侨香东路1011号1979文化新天地B区3层307A,2479,￥143,准五星商户
日和の日式料理•居酒屋,日本料理,白石洲,沙河街55-14号白石洲地铁站A出口,142,￥105,准五星商户
四叶寿司(香蜜湖店),日本料理,香蜜湖,侨香路1011号1979文化新天地301号4叶天香3楼,334,￥1231,五星商户
满粉厨房,西北菜,福田区,下沙一坊37号103满粉,53,￥24,五星商户
一芳台湾水果茶(横岗志健广场店),面包甜点,横岗,志健时代广场外铺1A-33铺,27,￥22,准四星商户
汕头八合里海记牛肉店(南头店),火锅,南头,南头街279号,6196,￥90,准五星商户
海月百味馆(后海店),粤菜,蛇口,后海大道招商地产海月花园会所1楼,849,￥131,准五星商户
鱼禾岸日式料理,日本料理,八卦岭/园岭,八卦一路城市主场小区二楼店铺231号,175,￥80,五星商户
阳少爷成都串串香,火锅,东门商业圈,南湖街道向西路92号,438,￥78,五星商户
小龙坎老火锅(缤纷店),火锅,新安,新安街道宝民一路麗枫酒店B座二楼（海雅缤纷城广场喷泉左侧）近五区市场公交站,282,￥128,准四星商户
鸟剑居酒屋(国贸店),日本料理,国贸,南湖街道人民南路天安国际大厦B座1楼1号02铺,175,￥185,准五星商户
万宗源石斛养生汤馆,粤菜,布吉,政清路大世纪花园9栋雅园酒店后50米,562,￥66,五星商户
禾膳屋日本料理,日本料理,宝安中心区,天健时尚空间2栋1235,139,￥83,五星商户
1001餐厅(海岸城店),新疆菜,海岸城,文心五路33号海岸城购物中心5楼501-8,64,￥102,准五星商户
幸福西饼蛋糕(翻身店),面包甜点,上川自由路,新安镇翻身路开屏花园B栋1楼54号商铺,412,￥84,四星商户
干将路左拐(南山店),小龙虾,南油,粤海街道南油B区71-73栋南商路70-23号,233,￥118,五星商户
汕头八合里海记牛肉店(购物公园店),火锅,市中心区,福田街道民田路购物公园北园A区220,2476,￥92,准五星商户
MR·ROCKY洛奇先生餐吧(宝安壹方城店),西餐,宝安中心区,新湖路99号壹方城购物中心L1楼,864,￥151,准五星商户
王品牛排(海岸城店),西餐,海岸城,文心五路33号海岸城购物中心3层,901,￥401,五星商户
大龙燚火锅(南山创业店),火锅,南油,创业路3069号东方海雅居一楼,476,￥126,四星商户
湊湊火锅·茶憩(来福士广场店),火锅,南油,南海大道2163号来福士广场1期4层415,1717,￥125,准五星商户
微肉MicroMeat,西餐,华侨城,侨城东路99号,371,￥109,五星商户
汕头八合里海记牛肉店(南湖店),火锅,国贸,南湖路国贸商住大厦首层南侧,2285,￥90,准五星商户
泰炙泰式火锅THAI LIGHT,东南亚菜,市中心区,福华三路皇庭广场西广场G层01号,324,￥137,四星商户
幸福西饼生日蛋糕(华发店),面包甜点,华强北,华发北路107栋A01号商铺,616,￥35,准四星商户
匠传点心,茶餐厅,上沙/下沙,福荣路26号绿景蓝湾半岛A栋1层,2166,￥72,准五星商户
自然煮義Homiez,西餐,市中心区,福华三路卓越intown购物中心三楼,438,￥84,准五星商户
点都德(海岸城店),粤菜,南山中心区,粤海街道后海大道以东天利中央商务广场1期A座三层,1657,￥90,四星商户
喜粤8号,粤菜,市中心区,金田路卓越intown商场2楼L203-L206室,490,￥182,准五星商户
云海肴云南菜(海岸城店),其他美食,海岸城,文心五路33号海岸城购物中心5层535号商铺,5312,￥91,准五星商户
金皇廷,粤菜,市中心区,金田路3037号金中环商务大厦裙楼5楼,2931,￥114,准五星商户
竹屿居酒屋(下沙店),日本料理,上沙/下沙,下沙一坊69-102,427,￥105,准五星商户
拾下卜卜贝,火锅,龙华,中环路大信花园8栋,63,￥61,准五星商户
王品牛排(益田假日广场店),西餐,益田假日,深南大道9028号益田假日广场3F,2725,￥381,五星商户
渔技碳烤活鱼(南山宝能太古城店),川菜,蛇口,中心路2233号宝能•allcity购物中心南区B1层SB116商铺,2091,￥85,准四星商户
竹屿居酒屋(学府路店),日本料理,南头,常兴路与学府路交叉口,648,￥97,准五星商户
Bingshiburger宾仕迪故事汉堡(壹方城店),西餐,宝安中心区,新湖路壹方城B2层032A号铺,180,￥60,准五星商户
冰村大叔•煲仔粥糖水店,小吃快餐,梅林,梅林街道中康路天源梅林居黄祠巷22号,725,￥33,四星商户
松哥油焖大虾(香蜜湖店),小龙虾,香蜜湖,深南大道香蜜湖度假村西贝前行18米,3465,￥166,准五星商户
冉冉垄居酒屋,日本料理,车公庙,泰然二路泰然工业园107栋1楼,497,￥125,准五星商户
唐宫海鲜舫(东门店),粤菜,东门商业圈,新园路1号中海商城6楼,5257,￥101,准五星商户
食冶日本料理铁板烧(福田石厦店),日本料理,石厦,石厦北二街89号马成时代广场四楼406,2791,￥327,准五星商户
江味龙虾馆·烧烤(罗湖店),小龙虾,宝安南路沿线,桂园街道红宝路39号安华宾馆一楼西侧,995,￥132,准五星商户
2046湘味厨房(科技园海王2店),湘菜,科技园,科技园海王银河科技大厦一层北向108铺港安驾校对面,1147,￥140,准五星商户
老成都钢五区小郡肝串串香火锅,火锅,国贸,向西村嘉宾路1015号粤鹏大厦一楼,327,￥98,四星商户
文和友老长沙龙虾馆(梅林店),小龙虾,梅林,梅林路46号天欣汽车生活馆1楼,535,￥139,四星商户
叫嚎oyoyster·仅配送,海鲜,市中心区,福华一路3号怡景中心城广场L层FL1023,202,￥211,五星商户
牛匠屋日式炭火烧肉(南山店),烧烤,南山中心区,i南山大道1110-19号,188,￥213,准五星商户
松哥油焖大虾(西乡店),小龙虾,西乡,金海路15号,49,￥146,五星商户
大龙燚火锅(南山大道店),火锅,南头,南山大道2009号一楼D区,1703,￥128,四星商户
潮汕喜鹅饭店(金丰城店),粤菜,宝安南路沿线,深南东路金丰城负一楼,301,￥85,五星商户
君悦酒店-悦景扒房,西餐,宝安南路沿线,宝安南路1881号君悦酒店37楼,283,￥749,五星商户
水佬记 秘制辣汁花甲蟹锅(水佬荣),火锅,皇岗,水围七街水围1368国际街区170栋3楼,87,￥175,准五星商户
海仙会SEA FRESH海鲜姿造(海岸城店),海鲜,南山中心区,文心三路9号中洲控股大厦B座裙楼二楼,2162,￥412,准五星商户
贵州铜锅牛肉,火锅,蛇口,海上世界A区海滨商业中心一栋2号铺,728,￥114,四星商户
佐渡蔵 どうぞ 居酒屋(东园店),日本料理,荔枝公园片区,东园路65号,50,￥147,五星商户
红厨,西餐,市中心区,民田路购物公园地铁B出口扶手电梯二楼,270,￥352,准五星商户
火木堂烧肉の門,日本料理,梅林,梅林路46号,210,￥203,准五星商户
额尔敦传统涮,火锅,草埔,清水河一路博兴大厦5楼,878,￥129,准五星商户
一鱼居酒屋(海岸城店),日本料理,海岸城,粤海街道文心六路与海德二道交界海岸大厦东座一楼120商铺,438,￥90,准五星商户
voisin organique邻舍有机餐厅,创意菜,华侨城,侨北一街富田创意文化园117号,139,￥561,准五星商户
堂本家洋食别馆(中心城店),日本料理,市中心区,福华一路3号怡景中心城广场L楼FL1011号,7710,￥89,准五星商户
Bollywood宝莱坞印度餐厅(国贸店),东南亚菜,国贸,人民南路（金光华广场对面）熙龙大厦3楼2055-3号,1329,￥100,准五星商户
麻辣藝号-老重庆火锅(罗湖店),火锅,国贸,春风路3002号金碧酒店首层,1016,￥172,准五星商户
龙巢盱眙龙虾(宝安店),小龙虾,新安,创业二路北一巷华丰时代广场1楼美食街,849,￥120,准四星商户
空Kong,咖啡厅,石厦,石厦北二街新天世纪商务中心A座3801室,1180,￥59,准五星商户
汕头八合里海记牛肉店(海德店),火锅,南油,南山大道与海德二道交界处（南山站D出口）,4295,￥94,准五星商户
詠藜園(世纪汇店),粤菜,华强北,中航路世纪汇4楼408A,1701,￥94,四星商户
兰亭京都料理,日本料理,香蜜湖,香蜜湖1979创意文化园A区1栋6楼,281,￥1184,五星商户
魔法师音乐烤吧,烧烤,深圳火车北站,民塘路深圳北站东广场缤果空间F2,579,￥80,三星商户
寿司大(福田店),日本料理,市中心区,福田中心区海田路辛诚花园街铺,424,￥450,准五星商户
南京大牌档(kk mall店),江浙菜,KKMAll 京基100大厦,深南东路5016号KKMALL京基百纳空间3层L325a,4707,￥66,准五星商户
幺鸡火锅串串(福田石厦店),火锅,石厦,石厦新村11栋104号,245,￥98,准五星商户
一鱼居酒屋(南航店),日本料理,南山中心区,南山大道荔芳一街6-5,972,￥100,准五星商户
江汉龙虾馆(南头店),小龙虾,南头,玉泉路1号,73,￥105,四星商户
爆爆田螺煲,烧烤,梅林,梅林路133号上梅林文体公园,585,￥86,准五星商户
汕头八合里海记牛肉店(卓悦INTOWN店),火锅,市中心区,福华三路卓悦INTOWN商场B1楼B110号商铺,761,￥91,准五星商户
呐咪傣园,其他美食,福田区,石厦西村113-1号,289,￥80,准五星商户
瑞吉酒店-秀餐厅,自助餐,KKMAll 京基100大厦,深南东路5016号京基100大厦A座瑞吉酒店95楼,1841,￥558,四星商户
鑫泰泰国料理(华强北九方店),东南亚菜,华强北,华富街道华富路1018号中航华强北九方购物中心北区5层L505号铺,1680,￥125,四星商户
丹东特色烤肉(学府路一部店),烧烤,南头,学府路荔馨村综合楼南面7号铺,1540,￥102,准五星商户
丼家日式料理(保利店),日本料理,南山中心区,深圳粤海街道保利文化广场A1区35-36号,81,￥148,五星商户
禾禾睦石板烤肉,烧烤,皇岗,皇岗公园一街水围村165栋二楼,85,￥113,准五星商户
大和樱花烂漫豚骨拉麺(华强北店),日本料理,华强北,华强北路2009号茂业百货B1-41铺,195,￥52,准五星商户
美艺甜(宝安壹方城店),面包甜点,宝安中心区,新湖路与创业一路交汇处壹方城购物中心B1层020号,197,￥66,准四星商户
小运河东岸(南山海雅店),粤菜,海岸城,南海大道2746号海雅百货8层,111,￥66,准五星商户
酔日式餐吧,日本料理,香蜜湖,侨香路特发小区综合楼一层L113号铺特发文创广场一楼外围,115,￥165,五星商户
登喜路国际大酒店,自助餐,西乡,宝田一路12号登喜路国际大酒店（宝田一路与前进二路交汇处）,1279,￥208,准五星商户
点都德(卓悦汇店),粤菜,梅林,中康路126号卓悦汇购物中心一、二楼点都德,1586,￥90,四星商户
南国菜根香,川菜,华强北,深南中路2010号东风大厦三楼,580,￥65,准四星商户
印象毡房(京基kkone店),西北菜,上沙/下沙,沙头街道下沙社区滨河大道9289号下沙村京基滨河时代广场L203,87,￥82,准五星商户
Bon Vivant.花艺烘焙下午茶,面包甜点,市中心区,福华三路皇庭广场L2-06号商铺,212,￥56,准五星商户
白玉串城(南山店),烧烤,南油,南山大道易四方美食城104A商铺,291,￥95,准五星商户
7比3 Burger(福田店),西餐,市中心区,福田街道深南大道福田地铁站负一层时尚美食广场A区13号,307,￥45,准五星商户
龙酒场日本料理,日本料理,蛇口,蛇口海上世界A区必胜客斜对面前10米,587,￥209,准五星商户
湊湊火锅·茶憩(卓越世纪店),火锅,皇岗,福田街道福华三路卓越INTOWN商场1层-2层L117/L211,1007,￥129,四星商户
邂逅椰子鸡(南山店),火锅,前海,前海路大新前海商业中心208,1561,￥107,准五星商户
糕匠(西丽店),面包甜点,西丽,西丽官龙路官龙综合楼C栋,307,￥157,准五星商户
伊芙蕾烘焙馆,面包甜点,梅林,中康南路8号雕塑家园322,64,￥86,五星商户
2046湘味厨房(科技园南区三店),湘菜,科技园,南海街道海天二路软件产业基地6栋01层01号,368,￥148,准五星商户
一鱼居酒屋(深大桂庙店),日本料理,南山中心区,学府路桂庙新村31栋8号,196,￥73,准五星商户
汕头八合里海记牛肉店(东园店),火锅,荔枝公园片区,东园路44号,6215,￥87,准五星商户
堂本家猪排·料理专门店(海岸城店),日本料理,海岸城,文心五路33号海岸城购物中心5层,1172,￥90,准五星商户
卅卅SASA(欢乐海岸店),火锅,欢乐海岸,南山区白石路欢乐海岸购物中心G层026号,226,￥79,四星商户
大龙燚火锅(福田东园店),火锅,荔枝公园片区,东园路51号,2315,￥120,四星商户
烧肉万福(罗湖店),日本料理,东门商业圈,深南东路3007号金城大厦32-34号,1470,￥188,准五星商户
唐宫小聚(海岸城店),粤菜,海岸城,文心四路33号海岸城购物中心东区1层128号铺,4817,￥92,四星商户
掂,日本料理,车公庙,深南大道6103号车公庙丰盛町地下二层A2-079号地铁b口,236,￥87,准五星商户
吴莊(皇庭广场店),江浙菜,市中心区,福田街道福华三路皇庭广场B1层26-3号,2975,￥66,四星商户
幸福西饼生日蛋糕(大芬店),面包甜点,布吉,深惠路布吉大芬油画村60号商铺,362,￥110,四星商户
新疆红柳花餐厅,新疆菜,新洲,新州北村55-1号,323,￥102,准五星商户
白玉串城(车公庙店),烧烤,车公庙,泰然二路泰然工贸园201栋首层2号车公庙地铁站D2出口步行150米,1308,￥102,准五星商户
猫小主猫咖啡＆cat cafe(欢乐谷店),咖啡厅,华侨城,美加广场E座14楼1403号,292,￥60,五星商户
君悦酒店·乐厨,自助餐,宝安南路沿线,宝安南路1881号君悦酒店32楼,3079,￥438,四星商户
俏81音乐主题椰子鸡,火锅,荔枝公园片区,东园路台湾花园1-4A号,305,￥130,准四星商户
PAULANER BRAUHAUS 德国帕拉娜自酿啤酒餐厅(海上世界店),西餐,蛇口,海上世界C区005,1640,￥205,准五星商户
花塘(皇庭广场店),江浙菜,市中心区,福华三路118号皇庭广场B1层,5714,￥103,四星商户
南京大牌档(华强北九方店),江浙菜,华强北,华强北振中路九方购物中心5楼L506铺,1743,￥67,四星商户
利宝阁(宝安壹方城店),粤菜,宝安中心区,新湖路99号壹方城L4-003铺,1314,￥166,四星商户
幸福西饼生日蛋糕(田面店),面包甜点,华强北,田面二街田面新村31栋101号,293,￥25,准四星商户
大阪烧肉BAKA一代(人民南路店),日本料理,国贸,南湖街道人民南路2077号国际大廈1楼,935,￥241,五星商户
彩云宴·云南菜(凯德公园一号店),其他美食,南油,创业路凯德公园一号1层32号铺,219,￥76,准五星商户
阿飛冰室(下沙店),茶餐厅,上沙/下沙,下沙村花好园裙楼一楼105室,987,￥62,准五星商户
汕头八合里海记牛肉店(车公庙店),火锅,车公庙,泰然六路泰然工贸园213栋,2127,￥90,准五星商户
江城印象小龙虾·烧烤,小龙虾,翠竹路沿线,翠竹街道太宁路五方家居广场出口旁,403,￥127,准四星商户
福泽屋,日本料理,南山中心区,粤海街道文心六路南山商业文化中心区保利文化广场A1-49-03/01号铺位,159,￥93,准五星商户
最咖泰餐音乐吧,东南亚菜,国贸,春风路3068号置地轩1楼,518,￥108,准五星商户
巴马小屋,粤菜,坂田,坂田街道伯公坳路1号华昱机构大院一楼,560,￥108,准五星商户
壹間茶餐厅(海岸城店),茶餐厅,海岸城,文心五路海德三道19号海岸城西座3层,4363,￥67,四星商户
OaK欧克咖啡(华强北九方店),咖啡厅,华强北,华富路1018号华强北九方购物中心L116铺,399,￥46,四星商户
泰炯音乐酒馆,东南亚菜,市中心区,福华一路怡景中心城北门，胡桃里东侧 地铁B口向北直行80米路口左转,1869,￥136,四星商户
KYOKU日本料理(嘉里建设广场店),日本料理,市中心区,中心四路1号嘉里建设广场第1座1楼,1389,￥415,准五星商户
六本堂の昭和六十(阿里云大厦店),日本料理,海岸城,粤海街道科苑南路3239号阿里云大厦T4栋1F29—30号铺,237,￥258,准五星商户
牛B仔清汤腩餐厅,茶餐厅,海岸城,文心五路34号,374,￥45,准五星商户
荷官·虾一斤,小龙虾,新安,新安街道海富社区45区自由路11号泰华俊庭112号,62,￥98,准五星商户
李师傅脆肚(红荔路店),湘菜,华强北,红荔路与工发路交汇处,1548,￥82,准五星商户
大牛火锅(南山卓越维港店),火锅,蛇口,中心路卓越维港名苑北区4-7栋14G之二号商铺,264,￥111,五星商户
阿飛冰室(南山店),茶餐厅,海岸城,海德三道海岸城东座2楼246号,648,￥61,准五星商户
胡须佬鸡煲四季火锅店(皇岗总店),家常菜,皇岗,福民路87号,1271,￥95,四星商户
神龙小龙虾(坪洲店),小龙虾,西乡,西乡街道新湖路80号二楼,166,￥100,准五星商户
渡来料亭,日本料理,市中心区,金田路现代国际大厦4楼,555,￥574,准五星商户
唐宫小聚(东海缤纷天地店),粤菜,车公庙,香林路东海缤纷天地2楼2010-2012室,3298,￥94,准五星商户
大熊烧肉(南山枫叶店),烧烤,南油,南山区南山大道1039号,83,￥94,准五星商户
小町号料理.酒场,日本料理,市中心区,购物公园北区一楼,1297,￥312,准五星商户
深圳机场凯悦酒店自助餐厅咖啡厅,自助餐,宝安国际机场,空港八道宝安国际机场T3航站楼内,56,￥233,五星商户
小草日式料理(万象店),日本料理,宝安南路沿线,蔡屋围新七坊53号103,277,￥114,准五星商户
橘藤日本料理火炙寿司店,日本料理,新洲,新洲二街南溪新苑A栋B1号商铺,152,￥105,准五星商户
麻辣尚席-火锅(华侨城创意园明星店),火锅,华侨城,创意文化园北区C3栋101号,1274,￥146,准五星商户
外婆家(宝安壹方城店),江浙菜,宝安中心区,新湖路102-75号壹方城负一楼,639,￥71,四星商户
安东鸡(海岸城店),韩国料理,海岸城,文心六路潮流广场OKmall二楼016-018铺,2226,￥90,四星商户
BUILDSTONE築石日本料理,日本料理,宝安南路沿线,桂园街道红宝路151号,326,￥586,准五星商户
GE BAKE,面包甜点,龙岗区,怡苑路33号,152,￥113,准五星商户
白夜有米,日本料理,梅林,卓越城1期2号写字楼9号铺,928,￥46,四星商户
李记湛光蚝莊(二分店),烧烤,白石洲,白石洲一街东一坊101号,346,￥103,准五星商户
半吨精酿啤酒厂Half Ton Brewery(蛇口店),西餐,蛇口,工业六路9号,190,￥100,准五星商户
膳心记-煲仔饭专门店(水围店),粤菜,皇岗,水围七街龙轩豪庭5号商铺,184,￥37,四星商户
黑池口感烘焙,面包甜点,布吉,布吉街莲花路百花二街老墟村太子工业大厦5楼,3783,￥203,准五星商户
泰炙美见 · 新加坡料理｜long time and see(kk one店),东南亚菜,上沙/下沙,滨河大道9289号京基滨河时代北区2层248,1714,￥107,四星商户
文和友老长沙龙虾馆(罗湖店),小龙虾,文锦渡,春风路云景豪园首层,2670,￥137,四星商户
食冶日本料理铁板烧(宝安壹方城店),日本料理,宝安中心区,新湖路99号壹方城L5层003A,391,￥344,四星商户
暹罗泰(侨城店),东南亚菜,华侨城,香山东街OCT创意园A3栋1层,2157,￥198,准五星商户
大中华希尔顿酒店兰亭,川菜,市中心区,深南大道1003号大中华国际金融中心希尔顿酒店23层,181,￥253,准五星商户
潮汕喜鹅饭店(万象汇店),粤菜,布吉,翔鸽路布吉华润万象汇二楼奈雪旁,192,￥81,准五星商户
桂小厨广西菜(欢乐海岸购物中心店),其他美食,欢乐海岸,白石路东8号欢乐海岸购物中心2层,5494,￥96,准五星商户
唐宫海鲜舫(万德店),粤菜,荔枝公园片区,深南中路1019号万德大厦3楼,330,￥119,准五星商户
LazyPlanet懒人星球,咖啡厅,皇岗,海田路卓越世纪中心3号楼B座33楼3317室,295,￥64,四星商户
汕头八合里海记牛肉店(沙河街店),火锅,白石洲,沙河街108号白石洲将军美食城,981,￥85,准五星商户
东宝制造·海鲜火锅(香蜜湖1979店),火锅,香蜜湖,侨香东路1011号1979文化新天地B区3层,385,￥646,准五星商户
宏楼梦串串香火锅(沙嘴总店),火锅,沙头,沙嘴二坊91-3沙嘴中心街,103,￥82,五星商户
海银海记潮汕牛肉火锅店(国贸店),火锅,国贸,南湖街道南湖路3005-5号/南湖时代广场5号,340,￥108,准五星商户
先记烧鹅王,粤菜,福永,白石厦大道龙翔路42号,286,￥78,四星商户
龙界炉端烧活海鲜酒场,日本料理,市中心区,海田路30号,853,￥372,四星商户
嘻螺海鲜(购物公园店),海鲜,市中心区,购物公园北区二楼247号（购物公园地铁B出口埃克斯咖啡上2楼或停车场D区5号电梯上2楼右边）,159,￥114,四星商户
黑旨烧肉(万象天地店),日本料理,科技园,深南大道9668号华润万象天地6楼SL612,470,￥211,四星商户
堂本家洋食别馆(万象天地店),日本料理,科技园,深南大道9688号华润万象天地负一楼B152,578,￥100,四星商户
HONOKA·田社家(欢乐海岸购物中心店),日本料理,欢乐海岸,白石路东8号欢乐海岸购物中心3层1号,250,￥750,准五星商户
PAULANER保拉纳啤酒餐厅(平安金融中心店),西餐,市中心区,益田路5033号平安金融中心商场8楼,75,￥207,准五星商户
堂本家洋食别馆(kk mall店),日本料理,KKMAll 京基100大厦,深南东路5016号KKMALL购物中心123C铺,4641,￥90,四星商户
枫庭日式料理(海岸城店),日本料理,海岸城,海德二道潮流广场一楼21号铺,755,￥152,准五星商户
若蘭慈素食馆,素菜,欢乐海岸,白石路东25号欢乐海岸曲水湾A-2J,1843,￥193,四星商户
无虾不欢(南山店),小龙虾,南山中心区,保利文化广场A区3层A3-03-02,505,￥123,准五星商户
燚青春东北泥炉烤肉(民治店),烧烤,龙华,龙华区民治大道903号,81,￥73,准五星商户
全垒打(KKONE店),日本料理,上沙/下沙,KKONE南区一楼124号商铺,351,￥87,四星商户
鹏城饭馆(大鹏所城东门店),粤菜,大鹏,大鹏所城东城巷21号,1513,￥73,四星商户
全聚福广西米粉店(海润店),粥粉面,南头,南海大道中油大厦对面,127,￥21,准五星商户
溢琚閣精品客家菜,粤菜,科技园,科技中三路海王银河科技大厦一楼,326,￥78,四星商户
繁·醉花亭小酒馆(新洲店),川菜,新洲,新洲村牌坊街与新洲九街交叉口兴万和教育广场一层,92,￥91,准五星商户
蜀大侠火锅(福华路店),火锅,华强北,福华路60号农贸大厦一层,1328,￥121,准五星商户
渔语鱼·酸菜鱼专门店(来福士店),川菜,南油,南海大道2163来福士广场B1层78号,65,￥82,准五星商户
农耕记·湖南山里菜(南山欢乐海岸店),湘菜,欢乐海岸,滨海大道2008号,46,￥72,该商户暂无星级
蒸鲜原味蒸汽海鲜(福田店),海鲜,香蜜湖,深南大道6038号香蜜湖度假村美食城内,1442,￥190,准五星商户
Bay house艺术甜品餐厅,面包甜点,宝安南路沿线,宝安南路1036号万象城喜茶对面鼎丰大厦6层602,289,￥150,准五星商户
袁老四老火锅(南山总店),火锅,蛇口,后海大道1010-2号,63,￥102,准五星商户
农畉LonFood,西餐,市中心区,民田路COCOPark外场酒吧街一楼L1C-079a铺,1188,￥102,四星商户
汉虾王·油焖大虾(科技园店),小龙虾,科技园,高新园科技路11号伟杰置业一楼,2601,￥158,准五星商户
SOI 22 二十二象,东南亚菜,市中心区,海田路32号,661,￥116,四星商户
同仁四季音乐主题餐厅(南山LOFT店),火锅,南头,金鸡路1号田厦翡翠明珠1楼C5室,6170,￥107,四星商户
freshT优鲜馆(万象天地店),西餐,科技园,深南大道9668号万象天地SL616,386,￥88,四星商户
ai·爱渔海洋料理(购物公园店),日本料理,市中心区,购物公园北园A区2楼,169,￥288,准五星商户
十二少(水围店),粤菜,皇岗,皇岗公园一街水围村龙轩豪庭首层15号铺,662,￥91,四星商户
KYOKU铁板烧(欢乐海岸店),日本料理,欢乐海岸,白石路东八号欢乐海岸曲水湾16栋,346,￥894,五星商户
邻间(阿里巴巴大厦店),咖啡厅,南山中心区,科苑南路阿里巴巴大厦T4座1楼27单元,283,￥60,准五星商户
往里·法式甜点(南山桃园店),面包甜点,桃园,深圳南头田厦国际中心B座2737,27,￥61,准五星商户
逸海海上餐厅,海鲜,南澳,南澳东山村东山码头,171,￥188,准五星商户
原牛道牛肉火锅(A8音乐大厦店),火锅,科技园,粤海街道高新科技园科园路1002号A8音乐大厦101室,1000,￥133,四星商户
川婆婆酸菜鱼(车公庙店),川菜,车公庙,泰然工贸园泰然二路201栋首层3号铺-2号铺车公庙地铁站D2出口步行150米,910,￥80,准五星商户
I HOLIC PIZZA 艾豪丽披萨(海雅缤纷城店),西餐,海雅缤纷城,宝民一路海雅缤纷城一楼L1002B号,930,￥87,准五星商户
博林圣海伦酒店·La Villa自助西餐厅,自助餐,华侨城,华侨城侨城东路2002号,780,￥198,准五星商户
原牛道牛肉火锅(海王银河店),火锅,科技园,科技中三路海王银河大厦2楼,1987,￥128,准五星商户
普语堂·茶堂小厨,粤菜,华侨城,恩平街华侨城创意文化园F3栋,1443,￥88,四星商户
壹点壹客(总部),面包甜点,西丽,西丽镇官龙村第一工业区G栋2楼,2260,￥101,准五星商户
顺德公猪肚鸡(车公庙店),火锅,车公庙,车公庙泰然工贸园210栋101号,718,￥96,准五星商户
常回家(民康路店),粤菜,龙华,民康路284号东明大厦1楼,1342,￥66,准五星商户
惠比寿·茂吉,日本料理,市民中心,福华三路卓越INTOWN负一层,56,￥276,五星商户
御牛道日式料理炭火烤肉(海上世界店),日本料理,南山区,望海路海上世界C区二楼202商铺,181,￥185,准五星商户
松哥油焖大虾(海岸城三店),小龙虾,海岸城,粤海街道天利中央广场一期2层13号店铺,141,￥150,准五星商户
谭鸭血老火锅(水围店),火锅,皇岗,水围二街77号水围新家园首层东6-7号,264,￥111,四星商户
米馥寿司(景田店),日本料理,景田,景田路21号,274,￥87,准五星商户
丸道烧肉まるみち(罗湖店),日本料理,东门商业圈,深南东路3013号金城大厦一座,533,￥179,准五星商户
来一局 · 盐焗蟹工坊(大鹏 较场尾店),海鲜,大鹏,龙岐大围东区15号，16号,662,￥136,准五星商户
唐风回转寿司,日本料理,KKMAll 京基100大厦,大剧院地铁站kkmall4楼,563,￥111,四星商户
钢管厂五区小郡肝串串香,火锅,海雅缤纷城,建安一路250-2号翰林酒店旁，海雅缤纷西200米,202,￥109,四星商户
十碗(保利店),江浙菜,海岸城,文心六路保利文化广场A区1楼49-03号铺,976,￥75,四星商户
一品活蝦-台式居酒屋,台湾菜,新洲,福田区新洲九街嘉葆润金座二期C座101铺,329,￥129,准五星商户
悦木越南料理(宝安壹方城店),东南亚菜,宝安中心区,新湖路与创业一路交汇处壹方城L2层085-087号商铺,378,￥113,四星商户
李师傅脆肚(下梅林店),湘菜,梅林,下梅林梅华西路238-1号锦林新居16幢,1836,￥74,准五星商户
巴蜀风月(皇庭广场店),川菜,市中心区,福华三路皇庭购物广场L1层8号铺,2159,￥113,四星商户
卢金枝(南山茶叶城店),面包甜点,海岸城,南山茶叶城创业路2052-26号,600,￥80,准四星商户
原牛道牛肉火锅(现代国际店),火锅,市中心区,金田路3038号现代商务大厦4层402室,944,￥144,准五星商户
名港蒸汽海鲜,海鲜,龙华,梅龙路共和商业广场1032-6号,383,￥130,准五星商户
鼓浪屿厦门味道(宝安海雅缤纷城店),福建菜,海雅缤纷城,宝民一路海雅缤纷城四楼万达影院对面,1325,￥85,四星商户
苗侗自治·手抓小龙虾(华强北店),小龙虾,华强北,振兴西路109号华康大院3栋1楼,552,￥119,准五星商户
荞上人活鰻日本料理(南山店),日本料理,南油,南山大道南海大厦商铺1110-16,1319,￥230,准五星商户
北京羲和雅苑烤鸭坊(万象天地店),其他美食,科技园,深南大道9668号华润城万象天地SL257号,757,￥154,四星商户
蛙小侠(宝安壹方城店),湘菜,宝安中心区,创业一路壹方购物中心5楼,600,￥87,四星商户
INCAFE独立咖啡馆,咖啡厅,南油,东滨路荔秀文化街103栋4楼401号,71,￥44,准五星商户
23 burger store(万象天地店),西餐,科技园,深南大道9668号万象天地NL117,429,￥64,四星商户
VEONES维星(丰盛町店),面包甜点,车公庙,深南路丰盛町地下阳光街B区负一楼B1-110,537,￥22,准五星商户
青山烧烤(罗湖国贸店),烧烤,国贸,友谊路钻石广场一楼,101,￥76,四星商户
嘻游记(万象汇店),烧烤,布吉,翔鸽路华润万象汇L2层10号,397,￥107,四星商户
白玉串城(龙岗店),烧烤,龙岗中心区,龙岗中心城吉祥路346号,250,￥91,准五星商户
star & kitchen 星享餐厅,西餐,笋岗,笋岗展艺路艺展中心三期6楼空中创意园610号,284,￥239,准五星商户
台湾拳骨面线,台湾菜,宝安南路沿线,宝安南路广场北街小区底商2005-1,101,￥18,四星商户
汕头八合里海记牛肉店(新洲店),火锅,新洲,新洲九街嘉葆润金座家园B座154号,5126,￥92,准五星商户
BLEND 咖啡部落(车公庙店),咖啡厅,车公庙,车公庙213栋西侧一楼店铺,595,￥63,准五星商户
樂涧 蓝鰭金枪鱼料理,日本料理,科技园,沙河西路1819号深圳湾科技生态园7栋B座01层,253,￥384,准五星商户
四季椰林椰子鸡(皇庭店),火锅,市中心区,福华三路118号,3521,￥118,四星商户
松哥油焖大虾(白石洲二店),小龙虾,白石洲,石洲中路41号,180,￥173,五星商户
源燒酒場｜日式炭火燒肉(kk mall店),烧烤,KKMAll 京基100大厦,深南东路5016号KKMALL购物中心1楼123AB,819,￥181,四星商户
大拌新疆餐厅(海岸城店),新疆菜,海岸城,粤海街道文心六路,931,￥107,四星商户
云屋·CAKE,面包甜点,车公庙,车公庙地铁站C出口都市阳光名苑1座8楼8E,110,￥41,准五星商户
撒焱哥·碳火烧肉撸串(车公庙店),烧烤,车公庙,泰然9路21号十亩地二楼,73,￥121,四星商户
汉虾王·油焖大虾(宝安前进店),小龙虾,新安,新安前进一路司法局对面麦德龙商场旁,585,￥158,准五星商户
老房子(水岸风情食府海上世界店),川菜,蛇口,海上世界B区203-205商铺,2543,￥99,准五星商户
一宗·深夜食堂(明珠店),日本料理,南头,南海大道西海明珠商业街3011-16-2,158,￥119,四星商户
BOOK11书吧,咖啡厅,华强北,红荔路华新站A1出口负一层旺角美食街星空广场D18-D19商铺,78,￥31,准五星商户
顶真牛肉潮式火锅(文创店),火锅,香蜜湖,香蜜湖香梅北路2003号特发文创广场L109-110号,203,￥91,准五星商户
九号码头花胶主题火锅料理(皇庭广场店),火锅,市中心区,福华三路118号皇庭广场L1层,975,￥144,四星商户
一人前居食屋,日本料理,笋岗,笋岗洪湖一街新荔湾美食广场一楼18号,633,￥85,准五星商户
嘻螺海鲜餐厅(海岸城店),海鲜,海岸城,海岸城东座一楼商场中庭垂直电梯口147号,621,￥121,四星商户
米彩料理寿司(西丽店),日本料理,西丽,同沙路24号,1054,￥55,五星商户
云来居素食馆(南山店),素菜,南油,深圳市南山区南山大道亿利达大厦B区2栋六楼,758,￥100,准五星商户
吞酒,日本料理,南油,创业路凯德公园1号C座3楼305铺,56,￥164,准五星商户
Superich,面包甜点,皇岗,水围八街1368国际街区164栋一层,67,￥23,准五星商户
唐宫小聚(万象天地店),粤菜,科技园,深南大道华润万象天地SL620,858,￥102,四星商户
渔语鱼•酸菜鱼专门店(皇庭广场店),川菜,市中心区,福华三路118号皇庭广场L1层,8111,￥89,四星商户
那达慕蒙古风味酒楼,西北菜,市中心区,笋岗西路美莲大厦18栋1楼,538,￥104,准五星商户
印象清迈(海岸城店),东南亚菜,海岸城,海德二道22号海岸大厦东座一楼162号,7286,￥119,四星商户
嘻游记(壹方城店),烧烤,宝安中心区,新湖路壹方城购物广场L1层043商铺,1443,￥118,四星商户
BOA Lounge & Club,日本料理,蛇口,太子路蛇口海上世界星巴克三楼,78,￥205,准五星商户
老佛爷炭火蛙锅(八卦岭店),火锅,八卦岭/园岭,八卦一路18-9号,812,￥99,四星商户
一间厨房(购物公园店),其他美食,市中心区,福华一路民田路138号靠近购物公园B出口,77,￥80,四星商户
成都瓜串串(水围店),火锅,市中心区,水围二街18号,446,￥73,四星商户
君庭中餐馆,湘菜,华强北,深南中路3007号国际科技大厦40、41层,1330,￥191,准五星商户
大中华希尔顿酒店念全日制自助餐厅,自助餐,市中心区,深南大道1003号大中华国际金融中心B座2楼大中华希尔顿酒店,1325,￥237,四星商户
莫宁先生,西餐,黄贝岭,黄贝街道凤凰路HiCity购物中心第二层L2-06B铺,362,￥40,准五星商户
万豪中餐厅(金茂深圳JW万豪酒店),粤菜,香蜜湖,深南大道6005号金茂JW万豪酒店2楼,139,￥234,准五星商户
鸟（蔦居酒屋车公庙店）,日本料理,车公庙,车公庙工业区东座201栋1层104号,199,￥174,准五星商户
花悦庭(平安金融中心店),其他美食,市中心区,福田街道福华四路16号平安金融中心内第六层N606-N607号商铺,460,￥227,四星商户
重庆印象火锅(梅林店),火锅,梅林,梅秀路46号1楼,2086,￥107,准五星商户
Wine Lab新派葡萄酒馆,西餐,华侨城,侨城东路99号103B深南电路大厦街铺T馆旁,184,￥220,准五星商户
半饱半醉(万象天地店),私房菜,科技园,深南大道9668号万象天地里巷二楼NL260,902,￥97,准四星商户
大欢喜,面包甜点,南山中心区,文心五路海岸大厦西座128号,213,￥33,四星商户
龙荟海鲜菜馆·围村盆菜,粤菜,宝安南路沿线,宝安南路3095号中川集团大厦2楼,181,￥107,准五星商户
虾知道,小龙虾,皇岗,深圳市福田区福田街道水围社区水围村251栋102,76,￥87,五星商户
MACU果一百(华强北店),面包甜点,华强北,振华路133-5号,294,￥17,准五星商户
六本堂(花园城店),日本料理,蛇口,招商街道蛇口花园城数码大厦A座102号,1195,￥180,四星商户
居酒屋霞(居酒屋 かすみ),日本料理,国贸,南湖路3009号国贸商住大厦4楼,1520,￥136,四星商户
帅帅虾王·湖北菜,小龙虾,民治,梅龙公路153号鑫海公寓一层商铺,409,￥118,四星商户
B.PARK 绽放花园,西餐,华侨城,香山东街华侨城文化创意园北区B1栋101,341,￥202,四星商户
堂本家猪排·料理专门店(益田店),日本料理,益田假日,深南大道益田假日广场B1-27号,1745,￥88,四星商户
台山佬黄鳝饭,粤菜,皇岗,水围六街117栋1楼,198,￥93,四星商户
苏丝黄(购物公园店),粤菜,市中心区,购物公园北园C区261A,4591,￥103,四星商户
探谷•骨吸吸(世纪汇店),火锅,华强北,中航路世纪汇6楼614B,273,￥55,准五星商户
燚青春东北泥炉烤肉(新安店),烧烤,海雅缤纷城,宝民一路与新圳路交叉口旁,287,￥80,四星商户
金花溪韩国料理,韩国料理,桃园,南光路南海明珠A-106号1楼商铺,683,￥62,准五星商户
西村日本料理·铁板烧(蛇口店),日本料理,蛇口,招商街道望海路1177号蛇口希尔顿酒店二楼,125,￥1080,准五星商户
醉码头重庆火锅(宝安店),火锅,西乡,金海路102号华盛辉商业大厦一楼,36,￥103,五星商户
彭年酒店云景轩（旋转）自助餐厅,自助餐,国贸,嘉宾路2002号彭年酒店50楼,954,￥297,四星商户
MAGPIE喜鹊派餐厅,西餐,华侨城,文昌街华侨城创意园北区A5-125,128,￥190,四星商户
东海朗廷酒店秀•Silk自助餐厅,自助餐,车公庙,深南大道7888号东海朗廷酒店内,1127,￥295,四星商户
焱九簋美蛙鱼头(南山店),火锅,桃园,学府路107号康乐大厦底层,294,￥97,准五星商户
双城记食花鲜花鸡(海雅缤纷城店),火锅,海雅缤纷城,宝民一路海雅缤纷城负一楼B106-B107,348,￥76,准五星商户
陶气鸭子时尚干锅,川菜,海岸城,文心五路33号海岸城东座2楼244号,121,￥84,准五星商户
仙庙烧鸡(民治总店),粤菜,民治,民治樟坑一区1栋1号,254,￥63,准五星商户
食途·明火砂锅牛腩煲(中心城店),火锅,市中心区,福华一路怡景中心城负2层FG009号商铺,586,￥92,四星商户
盛和品的米粉铺,粥粉面,民治,民治街道梅龙路樟坑百易广场c1-015,35,￥33,准五星商户
青蓬蒸品海鲜城(华润万象城店),海鲜,国贸,嘉宾路与和平路交叉口,483,￥327,准五星商户
Unic living museum,咖啡厅,西丽,学苑大道1155号,302,￥49,准五星商户
慕炭东北海鲜烤肉(大新前海店),烧烤,前海,前海路大新前海商业中心2楼,1929,￥115,四星商户
粤厨(欢乐海岸店),粤菜,欢乐海岸,白石路欢乐海岸购物中心3楼,509,￥137,四星商户
桂小厨广西菜(宝安壹方城店),其他美食,宝安中心区,新安街道新湖路壹方城购物中心4楼,506,￥80,四星商户
老板凳砂锅串串香,火锅,桃园,粤海街道办桂庙新村54-5栋,193,￥80,准五星商户
鲍师傅糕点(购物公园店),面包甜点,市中心区,地址：福华三路城中雅苑底商7-8栋购物公园E出口斜对面中原地产这边丝域美发旁边,115,￥19,准四星商户
BeauTea水仙(coco park店),面包甜点,市中心区,福华三路星河cocopark一楼B03铺,441,￥38,四星商户
Deli&Leisure悠乐(皇庭广场店),创意菜,市中心区,福华三路118号皇庭广场1层,2039,￥103,四星商户
胡哥烤肥牛(南山枫叶店),烧烤,南油,南山大道东南侧南园枫叶大厦1楼8号商铺,705,￥103,四星商户
槑林书店,西餐,梅林,上梅林海曙酒店旁2楼,183,￥57,准五星商户
李记湛光蚝莊(一店),烧烤,白石洲,白石洲塘头六坊14-1号,485,￥102,四星商户
松哥油焖大虾(皇岗一店),小龙虾,皇岗,皇岗一街皇岗社区下围一村68号楼1层,152,￥181,四星商户
THIEF OF TIME  Bar & Restaurant,西餐,市中心区,福华三路皇庭广场G-88,156,￥105,四星商户
汕头八合里海记牛肉店(东门店),火锅,东门商业圈,新园路14号东兴大厦第A1003-A1005,62,￥90,四星商户
香辛厨房 Sugar & Spice,西餐,景田,深南大道6002号人民大厦一层（近特区报社）,790,￥98,四星商户
东北佬碳烤肥牛(梅林总店),烧烤,梅林,凯丰路上梅林凯丰花园A栋103铺东,1098,￥98,准五星商户
马家斑鱼·鲜补斑鱼火锅(海雅缤纷城店),火锅,海雅缤纷城,建安一路99号海雅缤纷城购物中心5层,475,￥88,准五星商户
NCafe花园餐厅(车公庙店),咖啡厅,车公庙,泰然科技园泰然工贸园201栋1楼102号车公庙地铁站F出口右转20米,1956,￥75,准四星商户
莲香西域(凯德广场店),新疆菜,南油,创业路凯德公园1号二楼L07-10,224,￥91,四星商户
金光鸽王(南山海上世界店),粤菜,蛇口,蛇口海上世界环船广场B区209号,281,￥90,四星商户
杨记趣香鸡(下沙店),粤菜,上沙/下沙,下沙村一坊68号,505,￥60,准五星商户
爆丼,日本料理,市中心区,民田路购物公园北园D区二楼204,581,￥94,四星商户
云海肴云南菜(中心城店),其他美食,市中心区,福华一路新怡景商业中心L层RL1094A,868,￥95,四星商户
青蓬海上捞蒸品海鲜城,海鲜,西乡,宝源路1055号,45,￥231,五星商户
蝴蝶梦音乐餐厅(罗湖店),粤菜,国贸,春风路金碧酒店1楼,2034,￥121,准五星商户
堂小锅锅物研究所(万象天地店),日本料理,科技园,深南大道9688号华润万象天地B153号商铺,1156,￥122,四星商户
梁氏姜撞奶甜品店,面包甜点,南头,学府路金宝花园152号铺,435,￥22,准五星商户
海大大蒸汽海鲜主题餐厅(欢乐颂店),海鲜,南头,金鸡路34号四季丽晶大厦二楼,874,￥207,四星商户
常润椰子鸡(网谷店),火锅,蛇口,南海大道1029号，与工业四路交汇处，万融大厦A座1A层（大厦背面）,1592,￥115,准五星商户
珍探家·工业风融合餐厅,私房菜,八卦岭/园岭,八卦一路鹏益花园4栋首层西侧,170,￥62,四星商户
福福囍囍创意中国菜(购物公园店),创意菜,市中心区,福华一路与中心二路交汇购物公园一楼扶手旁,866,￥99,四星商户
全垒打(保利文化广场店),日本料理,海岸城,文心五路保利文化广场2层,1027,￥79,四星商户
桃醉里烧烤海鲜江湖菜馆,小龙虾,前海,南山区前海路1082-21号,46,￥110,四星商户
马仔斑鱼(kk one店),火锅,上沙/下沙,滨河大道9289号京基滨河时代北区4层401,836,￥94,准五星商户
JW万豪酒店都会尚膳自助餐厅,自助餐,宝安中心区,宝兴路8号深圳前海华侨城JW万豪酒店1楼,345,￥266,四星商户
The 7th day 第七天(中洲店),西餐,海岸城,后海中洲控股金融中心B座二楼,899,￥91,四星商户
汕头八合里海记牛肉店(春风店),火锅,文锦渡,春风路向富楼一楼103铺,1244,￥96,准五星商户
暖暖猫咖啡,咖啡厅,市中心区,金田路金中环大厦A座1423,130,￥59,四星商户
brewery雅啤士精酿啤酒屋,西餐,南油,创业路3022号,64,￥94,五星商户
魔王猪蹄(万象天地店),韩国料理,科技园,深南大道9668号万象天地SL604,1244,￥107,准四星商户
里外InOut(海上世界店),粤菜,蛇口,海上世界1楼,2456,￥119,四星商户
嘉华小吃,小吃快餐,蛇口,渔村路1号,311,￥23,四星商户
极上萬膳日本料理(中心城店),日本料理,市中心区,中心城L1层中庭,2307,￥291,四星商户
八十六号深海鱼主题料理餐厅,日本料理,车公庙,泰然七路安华工业区九栋一层,91,￥130,准五星商户
粤菜王府(大梅沙分店),粤菜,大小梅沙,盐葵路9号京基喜来登酒店首层,962,￥201,准五星商户
西村日本料理(福田店),日本料理,市中心区,福华一路28号马哥孛罗好日子酒店1楼,287,￥777,准五星商户
牛炙烤肉,烧烤,车公庙,泰然二路泰然工贸园201栋1楼,260,￥107,四星商户
三千·創作料理(南山京基百纳广场店),日本料理,白石洲,白石路与深湾二路交汇处南山京基百纳广场3层(地铁,3736,￥275,四星商户
蜀大侠火锅(东门店),火锅,东门商业圈,东门永新街59-9号中泰来大酒店对面,484,￥118,准五星商户
古早味味觉记忆坊,面包甜点,梅林,上梅林广夏路合旺阁8-3号铺,53,￥21,准五星商户
fun. noodle bar,西餐,香蜜湖,侨香东路1011号1979文化新天地B区4层316B,1253,￥148,四星商户
缪氏川菜(龙华九方店),川菜,民治,人民路2020号龙华九方购物中心2层,7936,￥66,准五星商户
鱼非鱼(宝安壹方城店),海鲜,宝安中心区,壹方城购物广场B1层023商铺,1046,￥98,四星商户
巴蜀风(振兴店),川菜,华强北,振兴路桑达工业区405栋东一、二楼,7786,￥73,准五星商户
蜀城香火锅串串(东园店),火锅,荔枝公园片区,东园路148号,49,￥86,准五星商户
芒果爆爆(东海缤纷店),台湾菜,车公庙,深南大道7888号东海缤纷天地负一层B1068,364,￥73,准五星商户
蜀大侠火锅(民治店),火锅,民治,民丰路228号鑫茂公寓一楼A105商铺,218,￥126,准五星商户
大阪烧肉BAKA一代(南山店),日本料理,南山中心区,粤海街道后海滨路深圳保利文化广场A区42-43号,1189,￥249,四星商户
同仁四季音乐主题餐厅(海岸城保利店),火锅,南山中心区,海岸城保利文化广场2楼保利来觅C6,1204,￥105,四星商户
鸟剑居酒屋(南山店),日本料理,南油,南光路122-2号,323,￥304,四星商户
巴蜀风月(cocopark店),川菜,市中心区,福华三路cocopark四楼,4856,￥118,四星商户
渔米粥(皇岗店),粤菜,皇岗,福民路民佳园皇岗商业城2楼,2279,￥138,四星商户
月前居酒屋,日本料理,市中心区,海田路22号辛诚花园6号铺,547,￥297,四星商户
卡布丁猫咖啡店,咖啡厅,桃园,桃园路南景苑大厦27楼M号,189,￥43,准五星商户
攀成钢小郡肝串串香(深圳旗舰店),火锅,八卦岭/园岭,八卦一路619栋一楼东侧,129,￥107,准五星商户
香宫(香格里拉大酒店),粤菜,火车站,建设路1002号火车站东侧深圳香格里拉大酒店2楼,365,￥167,准五星商户
酒炙串烧料理·居酒屋(燕南店),日本料理,华强北,深圳燕南路92号,80,￥92,四星商户
海极鲜蒸汽美食坊(皇岗店),海鲜,皇岗,皇岗上围三村38号一层,898,￥203,准五星商户
蔓頭咖啡 mentor coffee,咖啡厅,宝安南路沿线,深南东路5018号深圳大剧院音乐厅,61,￥32,五星商户
四季椰林椰子鸡(南山京基百纳店),其他美食,白石洲,白石路与深湾二路交汇处南山京基百纳广场3层,1795,￥107,准五星商户
KYOKU日本料理(欢乐海岸店),日本料理,华侨城,白石路东8号欢乐海岸曲水湾17栋,697,￥459,准五星商户
钢管厂五区小郡肝串串香(车公庙店),火锅,车公庙,泰然六路苍松大厦一楼102-2号商铺,108,￥104,四星商户
臻品轩酒家,粤菜,市中心区,福华三路88号时代财富大厦4楼,3127,￥106,四星商户
桂小厨广西菜(九方购物中心店),其他美食,华强北,中航路1号九方购物中心B1层,1569,￥83,四星商户
顺意-顺德家乡菜,粤菜,市中心区,福华一路88号中心商务大厦三楼,971,￥123,四星商户
新麻蒲韩国料理店(南山店),韩国料理,海岸城,海德二道62号,1262,￥124,四星商户
王品牛排(宝安海雅缤纷城店),西餐,宝安中心区,建安一路99号海雅缤纷城购物中心5层536-1,981,￥428,准五星商户
朝馆· 烤鸭创意北京菜,其他美食,香蜜湖,侨香东路1011号,706,￥254,准五星商户
幸运牛（汕头）小黄牛火锅(新洲店),火锅,新洲,新洲中心村35号楼,202,￥79,准五星商户
Pizza Marzano玛尚诺(金光华店),西餐,国贸,人民南路2028号金光华广场L2层051号,484,￥127,四星商户
幸运牛（汕头）小黄牛火锅(梅林店),火锅,梅林,中康路上梅林地铁站G出口对面,1089,￥92,四星商户
LEAFTEA叶茶,面包甜点,市中心区,福田区兴融六路民田路171号,65,￥27,四星商户
老房子(水岸元年食府欢乐海岸店),川菜,欢乐海岸,白石路东14号欢乐海岸曲水湾A-1G,1614,￥129,四星商户
marspace coffee 火星咖啡,咖啡厅,华强北,深南中路世纪汇购物中心一层,133,￥47,四星商户
大良华记糖水,面包甜点,南油,阳光科创中心,153,￥23,四星商户
松阪屋炭火烧肉(东门店),日本料理,东门商业圈,东门中心城4楼,135,￥134,四星商户
洞庭轩(1979店),湘菜,香蜜湖,福田区香蜜湖1979文化生活新天地B区东门四楼,30,￥80,四星商户
香蜜轩(世界之窗店),粤菜,益田假日,世界之窗西侧欧风街文创空间1号楼,1388,￥165,准五星商户
大有利茶餐厅(福民店),茶餐厅,皇岗,福民路水围村316号1-2楼,1524,￥69,四星商户
一鱼居酒屋(桃园总店),日本料理,南头,桃园路62号常兴苑C2栋105,796,￥79,四星商户
大阪烧肉BAKA一代(蛇口店),日本料理,蛇口,海湾路19号湄南河PW体育小镇内,112,￥206,准五星商户
唐宫(万象天地店),粤菜,科技园,深南大道华润万象天地第L1层SL135号商铺,495,￥132,准四星商户
汉虾王·油焖大虾(福田中心城店),小龙虾,市中心区,福华一路怡景中心城G层,1018,￥157,四星商户
一叶一世界藏茶蔬食火锅(深圳香蜜湖店),素菜,香蜜湖,侨香东路1011号1979文化新天地B区2层210,680,￥113,准五星商户
香咖啡·自助餐(香格里拉大酒店),自助餐,火车站,建设路1002号深圳香格里拉大酒店2层,1334,￥237,四星商户
鲜咖啡·自助餐(福田香格里拉大酒店),自助餐,市中心区,益田路4088号香格里拉大酒店1楼,1742,￥308,四星商户
金谷1号海鲜酒楼,粤菜,车公庙,泰然六路深业泰然大厦E座2-3层,5243,￥97,四星商户
李师傅脆肚(东门南店),湘菜,火车站,东门南路1084号瑞鹏大厦1楼西,2110,￥79,准五星商户
大牛火锅(宝安雍和园店),火锅,宝安中心区,前进二路雍和园商业一楼A13-A20-1号商铺,44,￥90,准五星商户
探虾(香蜜湖店),小龙虾,香蜜湖,深南大道6068号香蜜湖度假村内,994,￥173,准五星商户
無邪日式抹茶甜品(龙岗旗舰店),面包甜点,龙岗中心区,龙城广场万科里2楼L2-25-26,359,￥45,准五星商户
三千·創作料理(金光华广场店),日本料理,国贸,人民南路2028号金光华广场6层,2708,￥282,四星商户
椰园四季椰子鸡火锅店,火锅,宝安中心区,宝安大道与裕安一路交汇处46区卡罗社区万科生活广场二楼8-9铺,1840,￥102,四星商户
信香嘴(上梅林店),粤菜,梅林,梅村路8号,232,￥86,四星商户
巴错火锅·重庆老火锅(后海新村店),火锅,南油,后海大道登良路10-15号,1047,￥116,准五星商户
梦西贡 Mon Saigon,东南亚菜,香蜜湖,侨香路香蜜湖1979文化新天地B区漫咖啡旁,963,￥131,四星商户
秀炭现穿羊肉串(南山店),烧烤,南油,创业路26号怡海广场西座1-2楼,277,￥94,准五星商户
Juicy Squared蜜方圆素(Cocopark店),小吃快餐,市中心区,福华三路269号星河COCO-PARK购物中心负1楼,812,￥62,准四星商户
Teafood茶米之间,粤菜,南山中心区,科技园南区学府路软件产业基地5栋A座2楼,767,￥97,四星商户
暹罗泰(宝安壹方城店),东南亚菜,宝安中心区,新湖路99号,284,￥160,四星商户
双潭圩桂林米粉,粥粉面,华强北,华发北路赛格科技园102栋89号,191,￥24,四星商户
钢管厂五区小郡肝串串香(罗湖店),火锅,文锦渡,春风路2056号,498,￥121,四星商户
MET Restaurant and Bar,西餐,香蜜湖,侨香东路1011号1979文化新天地B区1层B127,553,￥127,四星商户
丽江龙继斑鱼庄(坂田店),火锅,坂田,坂田街道五和大道南118号海达和成购物广场3楼F306号铺电影院旁,707,￥92,准五星商户
渔米粥(南山店),粤菜,南油,南海大道信和自由广场3楼,3290,￥131,四星商户
炊牛家烤肉,烧烤,宝安南路沿线,深南东路金丰城大厦一楼5015-12商铺,507,￥135,四星商户
董家小馆,东北菜,车公庙,泰然四路63号,246,￥59,四星商户
好色派沙拉(中心城店),西餐,市中心区,福华一路怡景中心城L层R1018铺好色派沙拉,2116,￥72,四星商户
威斯汀扒房,西餐,益田假日,深南大道9028-2号益田威斯汀酒店25楼,414,￥749,四星商户
大梅沙京基海湾大酒店天涛轩海鲜食府,粤菜,大小梅沙,盐梅路90号京基海湾大酒店M楼,619,￥137,准五星商户
热辣生活(城市广场店),小龙虾,荔枝公园片区,南园街道深南中路市政府南侧城市广场地下一层L-317,77,￥61,五星商户
耍牛忙串串香(南山桃园店),火锅,南头,桃园路与南光路交汇处田厦金牛广场B座一楼A3号铺位,207,￥67,四星商户
车记碳烤肥牛,烧烤,西丽,西丽街道石鼓路4003号早安商务中心B座6、7、10号商铺,175,￥77,四星商户
巴色鱼捞(新城市广场店),火锅,荔枝公园片区,深南中路新城市广场四楼407DE,152,￥111,准五星商户
爱猫猫主题猫馆,面包甜点,KKMAll 京基100大厦,金华街13号三层,143,￥63,四星商户
宾赞小龙虾(八卦岭店),小龙虾,八卦岭/园岭,八卦一路国际风情美食街39号,1147,￥176,四星商户
胡须佬鸡煲四季火锅店(马成时代广场店),火锅,石厦,石厦街马成时代广场二楼,385,￥98,四星商户
四季椰林椰子鸡(1234space店),火锅,东门商业圈,建设路3018号华润1234spaceL512号铺,484,￥112,准五星商户
金翠皇宫(科技园店),粤菜,科技园,南山区科苑路讯美科技广场3号楼2楼,334,￥116,四星商户
蓝色牙买加Jamaica blue,咖啡厅,黄贝岭,黄贝岭凤凰路海珑华苑Hicity一楼JamaicaBlue,330,￥67,四星商户
瑞吉酒店-闲逸廊,咖啡厅,KKMAll 京基100大厦,深南东路5016号京基100大厦瑞吉酒店96楼,409,￥256,四星商户
汕头八合里海记牛肉店(八卦岭店),火锅,八卦岭/园岭,园岭街道八卦一路六栋美食街首层南1号,79,￥106,四星商户
胡须佬鸡煲四季火锅店(龙珠大道店),火锅,西丽,龙珠大道桃源村香榭峰景苑1楼,284,￥79,四星商户
Pizza Express 玛尚诺(万象城店),西餐,宝安南路沿线,宝安南路1881号华润万象城一期5层568,1600,￥128,准五星商户
温德姆至尊酒店自助餐,自助餐,市中心区,彩田路2009号瀚森大厦3楼,1176,￥230,四星商户
彩悦茶点王粤菜酒楼(布吉店),粤菜,布吉,布吉街道吉华路路80号,212,￥65,准五星商户
炉鱼(海岸城店),川菜,海岸城,文心五路33号海岸城购物中心5层,2400,￥74,四星商户
花园里·欢乐餐厅(民治店),创意菜,民治,民治大道468号海韵大厦二楼,642,￥95,四星商户
Bus Grill 巴士扒房－土耳其烤肉,西餐,市中心区,民田路购物公园B区134－135,409,￥219,准五星商户
延武禅堂素食馆,素菜,皇岗,福田南路7号皇城广场四楼,173,￥148,准五星商户
格琳素席,素菜,市中心区,金田路与福华路交汇处现代国际大厦5楼,305,￥207,准五星商户
大牛火锅(福田凯旋豪庭店),火锅,景田,红荔西路7018号凯旋豪庭裙楼102、127商铺,204,￥84,四星商户
Ji-Lou space几楼(财富大厦店),咖啡厅,市中心区,金田路财富大厦51楼E,142,￥52,四星商户
希尔顿南海酒店-厨艺半自助餐厅,自助餐,蛇口,工业一路一号深圳蛇口希尔顿南海酒店,83,￥210,四星商户
平安海鲜自助餐厅,自助餐,市中心区,彩田北路彩德城3032号平安国际酒店6楼,416,￥171,准四星商户
船歌鱼水饺(布吉万象汇店),海鲜,布吉,布吉街道翔鸽路2号华润万象汇购物中心B119号,156,￥68,四星商户
小南洋(深圳湾店),东北菜,南山中心区,滨海大道3001号深圳湾木棉花酒店21楼,546,￥148,四星商户
香港九记牛腩大王(东门店),火锅,东门商业圈,东门步行街鸿展中心城负一楼,529,￥86,四星商户
娘惹千语(国贸天虹店),东南亚菜,国贸,南湖路3007号国贸商业大厦2楼,55,￥60,四星商户
BAIA RESTAURANT BAR GRILL(海上世界店),西餐,蛇口,海上世界广场B区3楼B301,335,￥373,准五星商户
万德诺富特酒店自助西餐厅,自助餐,荔枝公园片区,深南中路1019号万德大厦副楼万德诺富特酒店2楼,2781,￥134,准五星商户
千府日本料理,日本料理,海岸城,粤海街道海德二道20号海岸大厦东座160-161商铺,734,￥119,四星商户
四海一家(益田假日广场店),自助餐,益田假日,深南大道9028号华侨城威尼斯酒店旁益田假日广场3层,12109,￥181,准四星商户
Fresh领鲜海鲜自助餐厅,自助餐,东门商业圈,东门鸿展中心城3楼,572,￥126,四星商户
喜荟,粤菜,华强北,华强北深南中路2038号,993,￥73,四星商户
開飯餐廳(来福士广场店),粤菜,南油,南海大道2163号来福士广场3层16号,705,￥101,四星商户
艺记客家碌鹅(新洲店),粤菜,新洲,新洲九街兴万和广场1楼,170,￥66,四星商户
农耕记·湖南山里菜(福田边防大厦店),湘菜,华强南,福景路广东边防大厦1楼5-2号,372,￥81,四星商户
九龙冰室,茶餐厅,科技园,科苑北路讯美广场3号裙楼1楼6号铺,319,￥49,四星商户
哈帝斯汉堡·现煎牛堡(海雅缤纷广场店),西餐,南山中心区,南海大道海雅百货负一层奈斯网咖106号,391,￥34,准五星商户
君悦酒店-主席楼,粤菜,宝安南路沿线,宝安南路1881号君悦酒店35-36楼,184,￥784,准五星商户
外婆家(卓悦汇店),江浙菜,梅林,梅林路卓悦汇购物中心5楼,1990,￥64,准四星商户
潮卤道卤水火锅,火锅,南山中心区,高新南十一道香坊万豪广场2楼,320,￥131,准五星商户
椒麻巷重庆小面,粥粉面,蛇口,蛇口海昌街22号蓝虹豪苑6号铺,228,￥27,准五星商户
穆沙烧烤西域主题餐厅(华强南店),烧烤,华强南,华强南路南华花园商业中心一楼,248,￥75,准五星商户
大牛火锅(罗湖向西店),火锅,文锦渡,南湖街道南极路南华大厦主楼1层东侧,113,￥105,准五星商户
SHARK 鲨鱼餐吧(购物公园店),西餐,市中心区,福华路转中心二路购物公园B区1楼133号,645,￥374,四星商户
稻香酒家(海岸城分店),粤菜,海岸城,文心五路33号海岸城购物中心五层501-9号,4218,￥96,四星商户
美人鱼帆船餐厅,创意菜,南澳,南澳街道东山社区七星湾游艇会内会所1栋1层1001号,69,￥152,准五星商户
老佛爷炭火蛙锅(东门中心城店),火锅,东门商业圈,东门中路2088号东门中心城4楼,1626,￥85,四星商户
木棉花开(君尚3019店),创意菜,海岸城,中心路君尚3019一楼,982,￥141,四星商户
the Bunker1宾客园(财富广场店),韩国料理,车公庙,财富广场一楼133号,1160,￥118,四星商户
九五牛新日式和牛火锅放题(壹方城店),日本料理,宝安中心区,新湖路99号壹方城L1层105号,194,￥188,四星商户
极上萬膳日本料理(kk one店),日本料理,上沙/下沙,滨河大道9289号京基滨河时代北区3层315,611,￥296,四星商户
云海肴云南菜(宝安壹方城店),其他美食,宝安区,新安街道宝安中心区新湖路99号壹方城L4层032-033号铺,711,￥85,四星商户
川椒龙妹火锅,火锅,华强北,华强北振华路100-17号,118,￥111,准五星商户
青筠焱烧肉·酒巷(罗湖店),日本料理,文锦渡,深圳市罗湖区深南东路2019号东乐大厦一楼105铺,37,￥268,准五星商户
豪林居餐馆(八卦一路美食街店),粤菜,八卦岭/园岭,8卦1路8卦岭鹏盛村8栋8103-8105室,935,￥114,四星商户
龙巢盱眙龙虾(欢乐海岸店),小龙虾,欢乐海岸,欢乐海岸椰林沙滩12号,935,￥133,四星商户
美作烘焙(海岸城店),面包甜点,海岸城,海岸大厦西座海德二道与文心四路交汇处104号商铺,254,￥43,准五星商户
醉码头火锅(八卦岭店),火锅,八卦岭/园岭,八卦一路11栋8号,319,￥117,准五星商户
鑫泰泰国料理(东海缤纷天地店),东南亚菜,车公庙,香林路东海缤纷天地二层2021铺,2327,￥105,四星商户
大熊烧肉(马家龙店),烧烤,南头,玉园路37号,325,￥116,准五星商户
Cake Something,面包甜点,南山中心区,创业路海王大厦,81,￥149,准五星商户
祈康膳坊·创意美学素食料理,素菜,南山区,中建钢构大厦五楼,31,￥429,准五星商户
米馥寿司(东门店),日本料理,东门商业圈,"东门中路东门中心城3楼12,13间",1604,￥84,准五星商户
天籽·蔬食餐厅(关山月美术馆店),素菜,市民中心,红荔西路6026号关山月美术馆一楼,679,￥108,准五星商户
蟹密·新派川菜,川菜,华强北,中航路35号,955,￥78,四星商户
迎客春蒸汽桑拿海鲜餐厅(布吉店),海鲜,布吉,布吉罗岗路信义荔山公馆8号楼S139-145室南,1253,￥192,四星商户
菜虫食堂,粤菜,香蜜湖,侨香路3082号君子广场一楼,104,￥581,四星商户
惠比寿·西江鳗鱼,日本料理,市民中心,福华三路卓越INTOWN负一层惠比寿横丁内右侧-3,121,￥144,四星商户
十三羊蒙古羊排店(福中店),西北菜,市中心区,福中路紫钰花园街铺52号,3722,￥75,准五星商户
钢管厂五区小郡肝串串香(宝安店),火锅,西乡,金海路17号乐群综合楼A2栋104,257,￥113,四星商户
太艮堡毋米粥(深圳罗湖店),粤菜,宝安南路沿线,嘉宾路4025号城市天地广场内2楼201-207室,3303,￥146,四星商户
万善天厨素食馆,素菜,华强北,华强北街道振兴路99-4号,340,￥87,准五星商户
那时·我的大学-湖北味道,其他美食,石厦,石厦街马成时代广场四楼,355,￥76,四星商户
油篓街小郡肝火锅串串,火锅,白石洲,红树街49号,88,￥83,准五星商户
香蜜轩(香蜜湖店),粤菜,香蜜湖,深南大道6068号香蜜湖度假村内,2096,￥175,四星商户
古稻林餐厅(西乡店),其他美食,天虹汇一城,新湖路西乡汇一城天虹负一楼B1022,2082,￥80,准五星商户
MASH 精酿啤酒餐厅,西餐,皇岗,皇岗公园街2-5号皇岗公园六街与七街交汇处云顶翠峰3期89号铺,262,￥169,准五星商户
手羽先居酒屋,日本料理,海岸城,粤海街道海德二道凯宾斯基大厦商场一楼19-20号,278,￥167,准五星商户
Life&Kitchen 美式餐厅｜蛇口六號花園店(蛇口6号花园店),咖啡厅,蛇口,蛇口太子南路碧涛苑碧桦路6栋,1405,￥80,四星商户
胜记(饭店),粤菜,八卦岭/园岭,八卦一路鹏盛村1栋1-2楼,2230,￥155,四星商户
鑫泰泰国料理(COCO Park店),东南亚菜,市中心区,福华三路269号COCOPark3楼,6339,￥122,四星商户
馥乐悠手工烘焙俱乐部,面包甜点,车公庙,深南大道泰然九路都市阳光名苑3座28C,95,￥135,准五星商户
渔语鱼·酸菜鱼专门店(欢乐海岸店),川菜,欢乐海岸,白石路东68号欢乐海岸南区水秀食街C-4,323,￥97,四星商户
蝴蝶梦音乐餐厅(欢乐海岸店),粤菜,欢乐海岸,白石路东47号欢乐海岸曲水湾B-14,2119,￥120,四星商户
华洋酒楼,粤菜,蛇口,水湾路14号,1468,￥79,四星商户
HYPERTEA去赞茶吧(宝安壹方城店),面包甜点,宝安中心区,壹方城4楼,359,￥34,准四星商户
偷鱼餐厅,粤菜,宝安中心区,新安六路与新湖路交汇处佳华名苑3楼,2765,￥87,四星商户
城门口老火锅(福田总店),火锅,八卦岭/园岭,八卦一路八卦岭工业区619栋二楼东侧,230,￥119,准五星商户
海极鲜蒸汽美食坊(华强北店),海鲜,华强北,振中路爱华科研楼一层,684,￥133,四星商户
浅葱小唱(科技园店),川菜,科技园,科苑北路11号深圳金融科技大厦1楼,2682,￥82,四星商户
汕头八合里海记牛肉店(坂田领汇店),火锅,坂田,坂田街道吉华路635号佳华领汇广场一期1栋A座01层03&04号商业街铺,116,￥89,四星商户
卖串串的女孩·冷锅串串(南山店),火锅,南头,桂庙路111号,64,￥56,四星商户
渔米粥(罗湖店),粤菜,火车站,春风路3068号置地广场2楼3068号,2750,￥138,四星商户
信哥哥茶餐厅(大冲商务中心店),茶餐厅,科技园,深南大道大冲商务中心A栋3楼302室,680,￥53,四星商户
炉鱼(皇庭广场店),川菜,市中心区,福华三路118号皇庭广场G层,4897,￥78,四星商户
紫禁书院,私房菜,壹海城,深盐路壹海城二区四楼,61,￥155,准五星商户
八零九零碳烤肥牛(南山店),烧烤,南油,南新路南山村祠堂旁,977,￥96,准五星商户
深圳大中华喜来登酒店-怡聚轩全日餐厅,自助餐,市中心区,福华一路1号大中华国际交易广场喜来登酒店1楼,954,￥216,四星商户
炉鱼(卓悦汇店),川菜,梅林,上梅林中康路与梅林路交叉口东北角卓悦汇3层,2348,￥73,四星商户
巴蜀风月(海岸城店),川菜,海岸城,文心五路33号海岸城购物中心5层501-7号商铺,3375,￥114,四星商户
星洲小聚新加坡料理(华强北九方店),东南亚菜,华强北,华强北街道中航华强北九方购物中心北区5层L508号铺,2165,￥110,四星商户
鲩味道·脆肉鲩粤式鱼火锅(新沙店),火锅,新洲,新沙路10号新光大厦一层4号,189,￥93,四星商户
爱家味烤羊排(海岸城店),西北菜,海岸城,海岸城东座一楼大厅148号,910,￥56,准五星商户
青缇新日料,日本料理,蛇口,工业三路与兴华路交汇处汇港购物中心2楼,403,￥146,四星商户
本家韩国料理(欢乐海岸店),韩国料理,欢乐海岸,白石路东42号欢乐海岸曲水湾A-11A,1903,￥133,四星商户
一乐食堂·日式丼饭研究所,日本料理,东门商业圈,东门街道解放路鸿展中心城3楼,237,￥76,四星商户
tea馆—名厨私家菜,粤菜,华侨城,香山东街2号华侨城创意文化园北区B3栋101室,908,￥263,四星商户
Green Bowl绿碗创意融合餐,创意菜,科技园,海天一路软件产业基地2A栋8楼,96,￥57,四星商户
余记鸭掌轩(罗湖总店),火锅,罗湖区政府,文锦中路朝花大厦北座二楼整层,1734,￥65,准五星商户
星美聚(万科里店),东南亚菜,龙岗区,龙岗大道龙岗中心城万科里L2-04、05、06号商铺,128,￥110,四星商户
燚青春东北泥炉烤肉(大新店),烧烤,南头,南头街303号,68,￥77,四星商户
西湖春天(百汇店),江浙菜,笋岗,笋岗东路3019号百汇大厦1-2楼,1427,￥114,准五星商户
胡桃里音乐酒馆(华侨城店),川菜,华侨城,恩平街华侨城创意园北区B2栋首层,1922,￥105,四星商户
常回家(坂田店),粤菜,坂田,居里夫人大道与隆平路交口新天下工业城1楼1101,646,￥61,四星商户
桂小厨广西菜(金光华店),其他美食,国贸,人民南路2028号金光华广场6楼003C商铺,627,￥87,四星商户
和府捞面(卓悦intown店),小吃快餐,市中心区,福华三路卓悦INTOWN负一层B107号,348,￥45,四星商户
Poke-doke(万象天地店),西餐,科技园,深南大道9668号万象天地里巷NL259号商铺,471,￥74,四星商户
富苑皇冠假日套房酒店啤酒屋,自助餐,国贸,南湖路3018号富苑皇冠假日套房酒店三楼,212,￥162,四星商户
乐凯撒·榴莲比萨(福田COCO Park店),西餐,市中心区,福华三路269号星河COCOPARK商场L1层,2113,￥69,准五星商户
拉慕烘焙Lamour toast(购物公园店),面包甜点,市中心区,福华路购物公园负一楼B19莉莉玛莲楼下,226,￥20,准五星商户
点心传说·港式茶点·粤菜(来福士店),粤菜,南油,南海大道来福士2楼,758,￥82,四星商户
越南仔·精致越南菜(kkmall店),东南亚菜,KKMAll 京基100大厦,红宝路KKMALL京基百纳空间3楼L324铺,512,￥83,四星商户
稻香(皇庭广场店),粤菜,市中心区,福华三路118号皇庭广场B1层B1-8,1962,￥94,准四星商户
客家汇风味食府(海上世界店),粤菜,蛇口,太子路5号,1817,￥93,四星商户
胡桃里音乐酒馆(海上世界店),川菜,蛇口,望海路海上世界广场C区112号商铺,2249,￥118,四星商户
蒸汽时代原味海鲜公馆(香蜜湖店),海鲜,香蜜湖,红荔西路香蜜湖度假村老刘野生大鱼坊旁,940,￥169,四星商户
韩是汤饭专门店(海上世界店),韩国料理,蛇口,兴华路6-4号南海意库1栋105B,295,￥41,四星商户
芳记粉面饭糖水甜点,面包甜点,科技园,科技路大冲新城花园2栋2B座211铺,55,￥19,四星商户
京味张烤鸭店(龙岗店),其他美食,龙岗中心区,银威路与龙岗路交叉口旁,190,￥96,准五星商户
27FRUITS甘草水果(coco park店),面包甜点,市中心区,福华三路星河cocopark负一楼B1C-086A商铺,60,￥42,准五星商户
强记海鲜酒楼(汉京国际店),海鲜,南油,登良路23号汉京国际大厦2L,996,￥107,四星商户
春意铁板烧Spring Restaurant,日本料理,蛇口,广东省深圳市南山区南水步行街蛇口新街233号,96,￥71,准五星商户
椒王火锅(太古城店),火锅,南山区,工业八路与后海滨路交叉口宝能太古城北区负一层NB130-2,207,￥108,四星商户
大腕鳗(海岸城店),日本料理,南山中心区,海德二道海岸城西座2层214号铺,1507,￥68,准四星商户
紫霞门韩国料理,韩国料理,东门商业圈,深南东路2019号东乐大厦2楼,2440,￥122,四星商户
渝月(新城市广场店),川菜,荔枝公园片区,新城市广场首层LG-506号,2585,￥63,准五星商户
藏途家肴·墨脱石锅(万象城店),其他美食,宝安南路沿线,深南东路4117号,656,￥121,准五星商户
很忙鸡煲(海岸城天利店),粤菜,海岸城,海德二道海岸城旁边天利中央商务广场一期一楼114铺,861,￥63,四星商户
TheRaw原研觅食(皇庭广场店),西餐,市中心区,福华三路118号皇庭广场G层Z-2,339,￥51,四星商户
来到普宁肠粉,小吃快餐,东门商业圈,东门街道湖贝路1081号金色罗湖宾馆对面,1016,￥24,四星商户
一本烧鸟居酒屋,日本料理,车公庙,福田区泰然八路18号安华工业区八栋101,48,￥98,四星商户
呆呆虾(梅林奥士达店),小龙虾,梅林,梅华路与中康路交汇处,1019,￥139,四星商户
VEONES维星(东门店),面包甜点,东门商业圈,南庆街1号汇商名苑1-003,444,￥22,四星商户
新斗记,粤菜,荔枝公园片区,深南中路1095号T1新城市广场5楼502号商铺,3010,￥153,四星商户
大渔铁板烧(保利文化广场店),日本料理,海岸城,文心五路保利文化广场3层,2010,￥198,四星商户
鱼库•不仅是一家烤鱼店(连城新天地店),川菜,市中心区,会展中心连城新天地二期A05-07号商铺,796,￥89,四星商户
鸭掌门特色火锅,火锅,景田,景田路红荔西路交叉处鲁班大厦北侧星光广场2楼53-71号铺,1406,￥75,准五星商户
鹿港小镇(皇庭店),台湾菜,市中心区,皇庭国商购物广场L1层1、2号商铺,435,￥89,准四星商户
炙屋烧肉,日本料理,国贸,南湖路罗湖大酒店二楼,51,￥185,四星商户
云海肴云南菜(华强北九方购物中心店),其他美食,华强北,中航路1号九方购物中心B1层,5203,￥92,四星商户
本家韩国料理(泰然店),韩国料理,车公庙,车公庙泰然八路泰然大厦C座2楼,1078,￥129,四星商户
汕头潮满记粿面馆,小吃快餐,华强北,华发北路107栋1-8层一层,99,￥39,四星商户
一鱼居酒屋(常兴店),日本料理,南头,常兴路常兴广场1楼美食街内,482,￥82,准五星商户
稻亭日本料理(购物公园店),日本料理,市中心区,民田路购物公园北2楼206号,398,￥225,四星商户
井格重庆火锅(购物公园店),火锅,市中心区,中心二路购物公园北园3号电梯2楼,472,￥127,四星商户
大阪烧肉BAKA一代(福田店),日本料理,市中心区,福华路购物公园美食城2楼,65,￥255,四星商户
瑞吉酒店-Elba欧尔巴意大利餐厅(kk mall店),西餐,KKMAll 京基100大厦,深南东路5016号京基100大厦99楼,330,￥908,四星商户
吉兆火炙寿司●网红寿司店(中洲店),日本料理,海岸城,粤海街道海德一路88号中洲控股中信万豪酒店一层,229,￥91,四星商户
膳鼎卤鹅,粤菜,市中心区,连城新天地二期A06,1002,￥79,四星商户
都柏林二十三号(万象城店),西餐,宝安南路沿线,宝安南路1881号华润万象城二期S164号商铺,413,￥170,四星商户
凤凰楼能记食坊(天虹宝安店),粤菜,天虹汇一城,西乡大道与新湖路交汇处天虹2层,4032,￥83,四星商户
PINKY SIX,咖啡厅,西丽,信宜四路,216,￥74,四星商户
杏花堂山西菜馆(海岸城店),其他美食,海岸城,文心五路33号海岸城购物中心5层501-2A,735,￥77,四星商户
俏九州(万象天地店),湘菜,科技园,深南大道9668号万象天地B124,403,￥86,四星商户
鑫泰泰国料理(卓悦汇店),东南亚菜,梅林,上梅林中康路与梅林路交叉口东北角卓悦汇4层,823,￥110,四星商户
STARLEAF 星叶|南洋料理(益田假日广场店),东南亚菜,益田假日,深南大道9028号华侨城威尼斯酒店旁益田假日广场2层L2-32-35,2938,￥168,四星商户
夜郎国(保利城花园店),其他美食,南油,南海大道东保利城花园一楼B21-B22铺位,666,￥85,四星商户
大阪日本料理店(海燕店),日本料理,国贸,嘉宾路海燕大酒店负1楼,568,￥161,准五星商户
小肥羊(中兴路店),火锅,罗湖区政府,中兴路1号老昇逸酒店旁,1694,￥91,五星商户
Miss Cake Lovet 法式甜品,面包甜点,福田保税区,市花路21号,661,￥159,四星商户
一芳台湾水果茶(晒布店),面包甜点,东门商业圈,兴湖路东门中路2088号东门中心城一楼,52,￥18,四星商户
老大昌酒楼,江浙菜,华强北,深南中路福田大厦3019号,1104,￥124,四星商户
热辣生活(华强北店),小龙虾,华强北,茂业百货负一层B163,276,￥59,准五星商户
鑫泰泰国料理(kk mall店),东南亚菜,KKMAll 京基100大厦,深南东路5016号KKMALL京基百纳空间4层,4571,￥123,四星商户
望湘园(皇庭广场店),湘菜,市中心区,福华三路118号皇庭国商购物广场G层12号商铺,620,￥80,四星商户
花椒千签荟串串香·烧烤(南山店),火锅,南油,南商路73栋113-114商铺,757,￥93,准五星商户
Cafe All皆咖花园餐厅,西餐,华强北,华强北街道振兴路122号2层,194,￥85,四星商户
潮泰牛肉店(泰然七路店),火锅,车公庙,车公庙安华工业区7栋一楼,4904,￥71,四星商户
红须小馆,小龙虾,火车站,沿河南路汇泰大厦B座一楼1025-30铺,50,￥82,五星商户
Godiva(华润万象城店),面包甜点,宝安南路沿线,宝安南路1881号华润万象城一期中区B1层,334,￥64,准五星商户
一期一会居酒屋,日本料理,南油,南山区南山大道创业路98号,61,￥68,准五星商户
静颐茶馆,素菜,宝安南路沿线,宝安南路3038号金塘大厦7楼,1140,￥87,四星商户
TOKU拓谷日式料理餐吧,日本料理,科技园,学府路怡化金融科技大厦三楼302室,408,￥322,四星商户
堂小锅.日式锅物料理(KK Mall店),日本料理,KKMAll 京基100大厦,深南东路5016号KKMALL购物中心123C铺,2574,￥114,四星商户
荣粤酒家(南山店),粤菜,科技园,科苑路15号科兴科学园B栋,1224,￥134,四星商户
丼丼屋DONDONYA(九方购物中心店),日本料理,华强北,中航路1号九方购物中心B1层,1336,￥114,四星商户
十三羊蒙古羊排店(梅林店),西北菜,梅林,上梅林新村1栋梅村路29号,1901,￥83,准五星商户
掌门人陈氏香鹅掌(泰然四路店),川菜,车公庙,泰然科技园泰然四路204栋一楼C号铺,1411,￥84,四星商户
皖厨(海上世界店),其他美食,蛇口,海上世界船尾广场1栋207室,2244,￥96,四星商户
渝月(八卦岭店),川菜,八卦岭/园岭,八卦一路美食街七栋A6号,99,￥71,准五星商户
海极鲜蒸汽美食坊(南山店),海鲜,南油,东滨路3012号1号1楼,368,￥198,准五星商户
点心轩,粤菜,龙华,东环二路星河ｉＣＯ四楼,168,￥75,四星商户
Mr.ASIA象遇东南亚料理(笋岗店),东南亚菜,笋岗,笋岗街道桃园路8号HALO广场2层L2-2/L2-3商铺,424,￥118,准五星商户
成都老码头火锅,火锅,东门商业圈,东门南路1076号瑞鹏大厦一栋一楼,1315,￥152,准五星商户
深湖记·潮牛火锅(来福士广场店),火锅,南油,南海大道2163号来福士广场4层16/17,900,￥116,四星商户
凤凰楼能记食坊(马成时代广场店),粤菜,石厦,石厦北二街马成时代广场217,1654,￥94,四星商户
潮汕大目牛肉火锅城(皇岗旗舰店),火锅,皇岗,皇岗村市场北座1楼,1661,￥137,四星商户
缪氏川菜(沙井店),川菜,沙井,沙井新沙路万科翡丽郡二期三楼,1561,￥65,五星商户
将军府甜品,面包甜点,皇岗,水围1368国际街区北一街169号首层,62,￥25,准五星商户
论牛•鲜牛肉火锅(海雅店),火锅,新安,宝安海雅缤纷城5楼L510-8号商铺,94,￥97,准五星商户
Miss cake workshop,面包甜点,科技园,园西工业区25栋3段410,81,￥98,四星商户
极上萬膳日本料理(来福士店),日本料理,南油,南海大道2163号来福士广场一楼L1-16,93,￥268,准四星商户
九五牛新日式和牛火锅放题(深业上城店),日本料理,皇岗,皇岗路5001号深业上城L1层L135号,136,￥199,准四星商户
四季椰林椰子鸡(金光华店),火锅,国贸,人民南路2028号金光华广场7楼,528,￥108,四星商户
潮牛庄牛肉店·自家牛场更放心(九祥岭分店),火锅,西丽,西丽镇沙河西路九祥岭经纬大厦一楼4052号,210,￥92,准五星商户
汕头八合里海记牛肉店(欢乐海岸店),火锅,欢乐海岸,沙河街道白石路8号欢乐海岸区水湾13栋B区一楼,247,￥90,准四星商户
大渔铁板烧(卓悦汇店),日本料理,梅林,上梅林中康路与梅林路交叉口东北角卓悦汇3层,568,￥204,四星商户
鱼库•不仅是一家烤鱼店(科技园讯美店),川菜,科技园,科技园讯美科技广场3号楼裙楼一层2号商铺（麦当劳直进100米）,137,￥59,四星商户
旺角海鲜菜馆(建设店),粤菜,国贸,建设路友谊大厦1098-3号,124,￥227,准五星商户
君悦酒店-1881中餐厅,其他美食,宝安南路沿线,宝安南路1881号君悦酒店1楼,611,￥370,四星商户
36 MATCHART•招牌抹茶千层(皇庭广场店),面包甜点,市中心区,福华三路118号皇庭广场2层星巴克旁边,1144,￥49,四星商户
民煮料理·Man Can Cook,日本料理,西丽,沙河西路健兴科技大厦A座1楼,86,￥113,准五星商户
汕头八合里海记牛肉店(万科里店),火锅,龙岗中心区,龙城街道中心城龙翔大道龙城万科里二层L2-35-37,329,￥82,四星商户
巴迪奥餐吧,西餐,观澜,观澜街道办高尔夫大道1号观澜湖乡村俱乐部,398,￥128,准五星商户
石板街(海雅缤纷城店),创意菜,宝安区,建安一路99号海雅缤纷城购物中心1层,412,￥85,四星商户
渔语鱼•酸菜鱼专门店(万科广场店),川菜,龙岗中心区,龙翔大道7118号万科广场L4-01号,658,￥86,四星商户
Godiva(COCOPark店),面包甜点,市中心区,福华三路星河COCOPark购物公园B1层,474,￥53,准五星商户
一芳台湾水果茶(华新店),面包甜点,华强北,红荔路华新地铁站A1出口方向时尚MEGO商城旺角美食城C区正佳电影院,502,￥20,四星商户
重庆渝味晓宇火锅(香蜜湖旗舰店),火锅,香蜜湖,深南大道香蜜湖度假村西面南侧2-A,947,￥137,四星商户
云海肴云南菜(梅林卓悦汇店),其他美食,梅林,上梅林路交汇处卓悦汇购物中心负一层B1-01号,1624,￥81,四星商户
森记潮州砂锅粥(大梅沙店),粤菜,大小梅沙,大梅沙彩陶路115号,1095,￥74,四星商户
四大金刚小龙虾,小龙虾,新洲,新洲三街锦洲综合楼1楼104,63,￥123,四星商户
乐凯撒·榴莲比萨(欢乐颂购物中心店),西餐,南头,南新路3030号欢乐颂购物中心1层西广场,509,￥71,五星商户
無邪日式抹茶甜品(海岸城店),面包甜点,海岸城,文心6路潮流广场OKmall2楼13号,1062,￥46,四星商户
同仁四季音乐主题餐厅(宝安壹方城店),火锅,宝安中心区,新湖路与创业一路交汇处壹方城B1-073/073A号商铺,541,￥107,准四星商户
堂小锅锅物研究所(华强北九方店),日本料理,华强北,华富路九方购物中心北区2层L270,2017,￥123,准四星商户
凯宾斯基酒店四季餐厅(后海滨路店),自助餐,海岸城,后海滨路海德三道凯宾斯基酒店2楼,1647,￥234,四星商户
花椒遇见辣椒·冰川水麻辣火锅(喜荟城店),火锅,水库,太宁路8号喜荟城3层,1415,￥126,准五星商户
天鹅堡香舍会,西餐,华侨城,香山中街天鹅堡,121,￥271,四星商户
忆卜奎齐齐哈尔烤肉(民治店),烧烤,民治,民春路1980特区宝山工业区8栋102,58,￥86,四星商户
木屋烧烤(东门一店),烧烤,东门商业圈,新园路1号深圳戏院中海商城大厦负一层FY001号03铺位,292,￥80,准四星商户
园闰椰子鸡(西丽总店),火锅,西丽,西丽同沙路新围村中泰楼一楼,1771,￥97,四星商户
柠檬鱼·掌门人(园岭店),火锅,八卦岭/园岭,园岭街道红岭中路2061号园岭花园南国大厦1栋花园裙楼一层1012室,1227,￥78,四星商户
怂猫寿司·用心的人不怂,日本料理,火车站,南湖路置地逸轩裙楼A50,74,￥108,准五星商户
TheRaw原研觅食(华强北九方店),西餐,华强北,华强北九方购物中心3楼L348-349商铺,681,￥49,四星商户
海都酒家(宝安店),海鲜,宝安中心区,海秀路19号国际西岸商务大厦商业群楼3-5楼,350,￥116,四星商户
胜记(航天店),粤菜,市中心区,深南大道4019号航天大厦B座2楼,919,￥220,四星商户
花椒遇见辣椒·冰川水麻辣火锅(马成时代广场店),火锅,石厦,石厦北二街89号新港商城3楼307室,2890,￥111,准五星商户
千千桃串串火锅,火锅,东门商业圈,东门步行街东门印象城3楼,158,￥77,准五星商户
醉翁亭,其他美食,科技园,科苑路科兴科学园原味街A栋G层14号,1854,￥71,四星商户
找茶友Find My Tea(梅林店),面包甜点,梅林,梅林街道梅华路百兴苑1栋7号铺-梅华路44号,164,￥28,四星商户
8botea8波茶(保利店),面包甜点,海岸城,文心五路保利文化广场B区2楼-24内场,451,￥18,准五星商户
小摘堂茶(连城新天地店),面包甜点,市中心区,会展中心地铁站B出口连城新天地负一楼C09号,399,￥21,准四星商户
le'sa 乐享新味新加坡料理,东南亚菜,海雅缤纷城,宝民一路海雅缤纷城商业中心负一楼B100-6号商铺,316,￥67,四星商户
唐三脆火锅串烧,火锅,南头,南山大道2039-29号桃苑公寓北座,270,￥96,准五星商户
小草日式料理(海雅店),日本料理,新安,新圳西路23号（华润万家对面）,61,￥83,四星商户
渝海棠毛肚火锅,火锅,南头,金鸡路1-39号七巧国商业街,754,￥104,准五星商户
8090东北泥炉烤肉(南山店),烧烤,南头,南山区学府路154号,124,￥83,四星商户
Ciao Caro乔克拉精酿啤酒餐厅(KKONE店),西餐,上沙/下沙,滨河大道9289号京基滨河时代南区1层131,290,￥108,四星商户
两三事小郡肝串串香火锅(南山总店),火锅,南油,粤海街道南商路与龙城路交汇处龙城花园大厦龙珠阁102,605,￥99,准五星商户
新灯火烧烤,烧烤,荔枝公园片区,园岭三街趣园食街102号,253,￥113,准五星商户
枕咖啡,咖啡厅,南山区,桃源街道留仙大道眾創產業園B52棟107戶,113,￥62,四星商户
木屋烧烤(科技园店),烧烤,科技园,科技园科发路5-1号一层,322,￥79,四星商户
Pizza Marzano玛尚诺(宝安壹方城店),西餐,宝安中心区,新安街道新湖路99号壹方城L1-016-017,189,￥111,准五星商户
渝江记忆老重庆火锅(罗湖店),火锅,罗湖区政府,凤凰街hicity商场二楼04号,531,￥112,准五星商户
